Date,MedTemp
2007-11-01,16.15
2007-11-02,20.45
2007-11-03,18.549999999999997
2007-11-04,14.4
2007-11-05,11.850000000000001
2007-11-06,11.549999999999999
2007-11-07,12.149999999999999
2007-11-08,12.65
2007-11-09,14.15
2007-11-10,15.600000000000001
2007-11-11,17.15
2007-11-12,17.9
2007-11-13,19.0
2007-11-14,21.5
2007-11-15,20.65
2007-11-16,22.25
2007-11-17,22.5
2007-11-18,20.85
2007-11-19,22.349999999999998
2007-11-20,24.5
2007-11-21,24.35
2007-11-22,17.9
2007-11-23,15.65
2007-11-24,18.15
2007-11-25,21.9
2007-11-26,21.25
2007-11-27,17.75
2007-11-28,20.45
2007-11-29,19.7
2007-11-30,18.85
2007-12-01,17.75
2007-12-02,18.95
2007-12-03,20.4
2007-12-04,19.9
2007-12-05,18.15
2007-12-06,21.55
2007-12-07,21.5
2007-12-08,22.35
2007-12-09,22.2
2007-12-10,19.85
2007-12-11,15.15
2007-12-12,16.6
2007-12-13,14.95
2007-12-14,18.0
2007-12-15,20.0
2007-12-16,18.3
2007-12-17,16.25
2007-12-18,14.2
2007-12-19,16.9
2007-12-20,17.85
2007-12-21,22.15
2007-12-22,20.95
2007-12-23,14.799999999999999
2007-12-24,18.4
2007-12-25,16.5
2007-12-26,18.05
2007-12-27,20.5
2007-12-28,21.7
2007-12-29,23.0
2007-12-30,25.2
2007-12-31,23.65
2008-01-01,23.900000000000002
2008-01-02,24.65
2008-01-03,19.65
2008-01-04,21.0
2008-01-05,19.8
2008-01-06,24.200000000000003
2008-01-07,25.2
2008-01-08,23.4
2008-01-09,23.7
2008-01-10,24.450000000000003
2008-01-11,26.65
2008-01-12,28.3
2008-01-13,25.4
2008-01-14,19.4
2008-01-15,24.599999999999998
2008-01-16,25.55
2008-01-17,20.15
2008-01-18,17.75
2008-01-19,17.450000000000003
2008-01-20,20.95
2008-01-21,17.9
2008-01-22,16.25
2008-01-23,17.15
2008-01-24,19.05
2008-01-25,20.55
2008-01-26,20.75
2008-01-27,22.25
2008-01-28,24.25
2008-01-29,25.9
2008-01-30,26.45
2008-01-31,22.700000000000003
2008-02-01,19.9
2008-02-02,21.85
2008-02-03,23.35
2008-02-04,20.4
2008-02-05,19.8
2008-02-06,20.5
2008-02-07,19.35
2008-02-08,16.15
2008-02-09,15.649999999999999
2008-02-10,16.1
2008-02-11,17.45
2008-02-12,19.35
2008-02-13,15.399999999999999
2008-02-14,16.4
2008-02-15,18.0
2008-02-16,18.65
2008-02-17,18.1
2008-02-18,18.3
2008-02-19,19.25
2008-02-20,20.45
2008-02-21,20.55
2008-02-22,20.65
2008-02-23,18.9
2008-02-24,17.9
2008-02-25,18.7
2008-02-26,20.6
2008-02-27,19.65
2008-02-28,16.05
2008-02-29,13.049999999999999
2008-03-01,13.100000000000001
2008-03-02,15.899999999999999
2008-03-03,17.8
2008-03-04,19.15
2008-03-05,19.8
2008-03-06,22.35
2008-03-07,20.0
2008-03-08,18.45
2008-03-09,19.95
2008-03-10,22.1
2008-03-11,24.3
2008-03-12,22.5
2008-03-13,23.15
2008-03-14,23.049999999999997
2008-03-15,24.5
2008-03-16,21.799999999999997
2008-03-17,20.95
2008-03-18,21.2
2008-03-19,20.65
2008-03-20,20.4
2008-03-21,13.9
2008-03-22,15.600000000000001
2008-03-23,18.85
2008-03-24,18.95
2008-03-25,15.25
2008-03-26,16.4
2008-03-27,11.350000000000001
2008-03-28,11.3
2008-03-29,12.8
2008-03-30,11.549999999999999
2008-03-31,14.2
2008-04-01,12.65
2008-04-02,14.3
2008-04-03,10.65
2008-04-04,9.649999999999999
2008-04-05,12.299999999999999
2008-04-06,13.850000000000001
2008-04-07,14.3
2008-04-08,12.899999999999999
2008-04-09,12.55
2008-04-10,15.049999999999999
2008-04-11,15.25
2008-04-12,15.100000000000001
2008-04-13,13.45
2008-04-14,11.8
2008-04-15,13.05
2008-04-16,12.8
2008-04-17,13.15
2008-04-18,13.8
2008-04-19,12.25
2008-04-20,13.399999999999999
2008-04-21,11.5
2008-04-22,12.25
2008-04-23,13.25
2008-04-24,11.85
2008-04-25,12.95
2008-04-26,12.75
2008-04-27,13.3
2008-04-28,7.800000000000001
2008-04-29,5.8500000000000005
2008-04-30,6.5
2008-05-01,8.8
2008-05-02,9.700000000000001
2008-05-03,8.8
2008-05-04,7.8999999999999995
2008-05-05,9.7
2008-05-06,12.15
2008-05-07,12.950000000000001
2008-05-08,8.950000000000001
2008-05-09,10.55
2008-05-10,11.2
2008-05-11,12.85
2008-05-12,14.3
2008-05-13,10.15
2008-05-14,10.4
2008-05-15,8.75
2008-05-16,10.25
2008-05-17,10.100000000000001
2008-05-18,9.2
2008-05-19,7.700000000000001
2008-05-20,8.65
2008-05-21,10.6
2008-05-22,8.549999999999999
2008-05-23,8.0
2008-05-24,7.85
2008-05-25,8.6
2008-05-26,11.6
2008-05-27,11.5
2008-05-28,9.1
2008-05-29,9.85
2008-05-30,8.95
2008-05-31,8.8
2008-06-01,7.3
2008-06-02,10.149999999999999
2008-06-03,12.100000000000001
2008-06-04,12.85
2008-06-05,11.45
2008-06-06,10.55
2008-06-07,7.65
2008-06-08,9.4
2008-06-09,11.850000000000001
2008-06-10,11.149999999999999
2008-06-11,12.6
2008-06-12,11.85
2008-06-13,10.85
2008-06-14,6.4
2008-06-15,8.4
2008-06-16,11.649999999999999
2008-06-17,10.45
2008-06-18,7.95
2008-06-19,9.95
2008-06-20,10.05
2008-06-21,7.15
2008-06-22,9.1
2008-06-23,6.9
2008-06-24,6.9
2008-06-25,8.45
2008-06-26,9.05
2008-06-27,8.9
2008-06-28,6.65
2008-06-29,8.6
2008-06-30,7.95
2008-07-01,8.5
2008-07-02,9.85
2008-07-03,4.95
2008-07-04,4.45
2008-07-05,7.05
2008-07-06,6.7
2008-07-07,7.05
2008-07-08,6.2
2008-07-09,3.7500000000000004
2008-07-10,5.25
2008-07-11,5.65
2008-07-12,4.25
2008-07-13,5.75
2008-07-14,9.6
2008-07-15,5.95
2008-07-16,5.95
2008-07-17,4.85
2008-07-18,5.95
2008-07-19,7.0
2008-07-20,4.95
2008-07-21,6.949999999999999
2008-07-22,4.699999999999999
2008-07-23,3.8499999999999996
2008-07-24,5.6
2008-07-25,5.4
2008-07-26,4.65
2008-07-27,3.6999999999999997
2008-07-28,4.55
2008-07-29,6.5
2008-07-30,4.699999999999999
2008-07-31,5.65
2008-08-01,6.35
2008-08-02,7.95
2008-08-03,7.550000000000001
2008-08-04,5.15
2008-08-05,4.5
2008-08-06,9.45
2008-08-07,5.25
2008-08-08,7.8
2008-08-09,3.3499999999999996
2008-08-10,2.05
2008-08-11,4.5
2008-08-12,5.25
2008-08-13,7.25
2008-08-14,6.3999999999999995
2008-08-15,9.649999999999999
2008-08-16,8.95
2008-08-17,5.1499999999999995
2008-08-18,4.55
2008-08-19,3.9
2008-08-20,7.0
2008-08-21,8.25
2008-08-22,5.8
2008-08-23,6.949999999999999
2008-08-24,5.35
2008-08-25,6.6499999999999995
2008-08-26,7.9
2008-08-27,5.9
2008-08-28,7.3
2008-08-29,8.0
2008-08-30,8.4
2008-08-31,11.649999999999999
2008-09-01,9.45
2008-09-02,8.4
2008-09-03,7.65
2008-09-04,8.350000000000001
2008-09-05,9.1
2008-09-06,11.200000000000001
2008-09-07,7.8999999999999995
2008-09-08,7.85
2008-09-09,5.5
2008-09-10,6.25
2008-09-11,7.050000000000001
2008-09-12,10.55
2008-09-13,17.25
2008-09-14,16.25
2008-09-15,14.2
2008-09-16,8.549999999999999
2008-09-17,7.3999999999999995
2008-09-18,9.55
2008-09-19,14.2
2008-09-20,15.4
2008-09-21,12.1
2008-09-22,12.549999999999999
2008-09-23,12.0
2008-09-24,9.85
2008-09-25,10.95
2008-09-26,11.7
2008-09-27,16.1
2008-09-28,19.35
2008-09-29,11.899999999999999
2008-09-30,9.55
2008-10-01,11.0
2008-10-02,16.6
2008-10-03,22.85
2008-10-04,17.55
2008-10-05,15.8
2008-10-06,14.6
2008-10-07,8.15
2008-10-08,9.2
2008-10-09,10.25
2008-10-10,13.3
2008-10-11,15.299999999999999
2008-10-12,14.2
2008-10-13,16.400000000000002
2008-10-14,16.5
2008-10-15,14.4
2008-10-16,12.7
2008-10-17,14.55
2008-10-18,15.7
2008-10-19,18.4
2008-10-20,19.35
2008-10-21,14.8
2008-10-22,9.2
2008-10-23,10.6
2008-10-24,10.799999999999999
2008-10-25,14.4
2008-10-26,17.0
2008-10-27,19.85
2008-10-28,17.75
2008-10-29,16.2
2008-10-30,19.7
2008-10-31,21.25
2008-11-01,15.55
2008-11-02,18.35
2008-11-03,18.35
2008-11-04,14.75
2008-11-05,14.2
2008-11-06,16.15
2008-11-07,14.55
2008-11-08,15.55
2008-11-09,14.7
2008-11-10,19.3
2008-11-11,19.2
2008-11-12,20.75
2008-11-13,21.3
2008-11-14,23.6
2008-11-15,21.5
2008-11-16,15.9
2008-11-17,17.1
2008-11-18,17.35
2008-11-19,18.9
2008-11-20,18.5
2008-11-21,16.65
2008-11-22,10.1
2008-11-23,10.5
2008-11-24,15.5
2008-11-25,14.9
2008-11-26,15.45
2008-11-27,18.85
2008-11-28,19.75
2008-11-29,19.35
2008-11-30,14.9
2008-12-01,19.4
2008-12-02,15.05
2008-12-03,17.35
2008-12-04,17.799999999999997
2008-12-05,22.05
2008-12-06,21.15
2008-12-07,21.55
2008-12-08,19.25
2008-12-09,19.1
2008-12-10,19.2
2008-12-11,18.0
2008-12-12,17.2
2008-12-13,18.1
2008-12-14,15.8
2008-12-15,17.1
2008-12-16,16.5
2008-12-17,17.5
2008-12-18,19.2
2008-12-19,14.85
2008-12-20,14.2
2008-12-21,16.950000000000003
2008-12-22,19.95
2008-12-23,21.05
2008-12-24,17.049999999999997
2008-12-25,19.9
2008-12-26,22.5
2008-12-27,21.700000000000003
2008-12-28,21.45
2008-12-29,19.6
2008-12-30,16.7
2008-12-31,18.75
2009-01-01,19.85
2009-01-02,18.25
2009-01-03,18.05
2009-01-04,20.6
2009-01-05,22.85
2009-01-06,22.55
2009-01-07,24.2
2009-01-08,21.6
2009-01-09,16.45
2009-01-10,16.45
2009-01-11,19.4
2009-01-12,20.55
2009-01-13,24.799999999999997
2009-01-14,26.55
2009-01-15,27.75
2009-01-16,22.0
2009-01-17,16.45
2009-01-18,18.6
2009-01-19,22.3
2009-01-20,24.599999999999998
2009-01-21,25.4
2009-01-22,24.45
2009-01-23,25.0
2009-01-24,23.549999999999997
2009-01-25,21.4
2009-01-26,22.2
2009-01-27,24.450000000000003
2009-01-28,26.099999999999998
2009-01-29,27.75
2009-01-30,26.8
2009-01-31,26.950000000000003
2009-02-01,25.45
2009-02-02,25.85
2009-02-03,24.25
2009-02-04,25.599999999999998
2009-02-05,28.049999999999997
2009-02-06,30.3
2009-02-07,30.2
2009-02-08,30.55
2009-02-09,21.65
2009-02-10,18.15
2009-02-11,17.049999999999997
2009-02-12,13.55
2009-02-13,14.700000000000001
2009-02-14,14.25
2009-02-15,17.45
2009-02-16,16.85
2009-02-17,15.5
2009-02-18,20.1
2009-02-19,21.25
2009-02-20,20.6
2009-02-21,20.1
2009-02-22,19.6
2009-02-23,22.15
2009-02-24,21.75
2009-02-25,22.4
2009-02-26,18.6
2009-02-27,22.45
2009-02-28,24.25
2009-03-01,22.25
2009-03-02,21.2
2009-03-03,21.25
2009-03-04,19.55
2009-03-05,16.65
2009-03-06,14.3
2009-03-07,18.55
2009-03-08,18.55
2009-03-09,20.299999999999997
2009-03-10,20.05
2009-03-11,19.75
2009-03-12,22.1
2009-03-13,21.25
2009-03-14,20.3
2009-03-15,16.4
2009-03-16,14.100000000000001
2009-03-17,14.1
2009-03-18,17.45
2009-03-19,18.65
2009-03-20,19.5
2009-03-21,19.55
2009-03-22,20.2
2009-03-23,20.8
2009-03-24,21.75
2009-03-25,22.5
2009-03-26,20.4
2009-03-27,19.25
2009-03-28,20.25
2009-03-29,19.45
2009-03-30,17.25
2009-03-31,18.15
2009-04-01,18.15
2009-04-02,19.0
2009-04-03,21.55
2009-04-04,17.3
2009-04-05,16.55
2009-04-06,14.2
2009-04-07,14.15
2009-04-08,14.3
2009-04-09,16.1
2009-04-10,15.2
2009-04-11,15.8
2009-04-12,17.7
2009-04-13,14.899999999999999
2009-04-14,17.2
2009-04-15,15.7
2009-04-16,10.95
2009-04-17,11.75
2009-04-18,13.850000000000001
2009-04-19,13.0
2009-04-20,13.05
2009-04-21,13.7
2009-04-22,12.600000000000001
2009-04-23,14.6
2009-04-24,11.9
2009-04-25,12.65
2009-04-26,9.45
2009-04-27,8.100000000000001
2009-04-28,10.35
2009-04-29,7.4
2009-04-30,9.75
2009-05-01,8.65
2009-05-02,9.55
2009-05-03,11.45
2009-05-04,10.25
2009-05-05,11.350000000000001
2009-05-06,10.55
2009-05-07,8.35
2009-05-08,10.200000000000001
2009-05-09,10.1
2009-05-10,10.25
2009-05-11,8.5
2009-05-12,9.1
2009-05-13,7.6499999999999995
2009-05-14,9.5
2009-05-15,12.100000000000001
2009-05-16,13.25
2009-05-17,8.3
2009-05-18,8.55
2009-05-19,10.85
2009-05-20,11.65
2009-05-21,11.850000000000001
2009-05-22,12.85
2009-05-23,13.850000000000001
2009-05-24,13.3
2009-05-25,12.3
2009-05-26,9.65
2009-05-27,13.100000000000001
2009-05-28,8.799999999999999
2009-05-29,7.75
2009-05-30,7.45
2009-05-31,9.600000000000001
2009-06-01,9.649999999999999
2009-06-02,10.95
2009-06-03,11.75
2009-06-04,10.1
2009-06-05,12.6
2009-06-06,7.1
2009-06-07,8.0
2009-06-08,9.6
2009-06-09,6.9
2009-06-10,5.800000000000001
2009-06-11,1.6
2009-06-12,0.9499999999999997
2009-06-13,6.05
2009-06-14,6.25
2009-06-15,6.6499999999999995
2009-06-16,7.2
2009-06-17,8.15
2009-06-18,6.0
2009-06-19,6.800000000000001
2009-06-20,7.55
2009-06-21,10.85
2009-06-22,8.5
2009-06-23,7.5
2009-06-24,6.45
2009-06-25,6.55
2009-06-26,7.8
2009-06-27,10.35
2009-06-28,11.0
2009-06-29,9.65
2009-06-30,12.4
2009-07-01,10.2
2009-07-02,8.65
2009-07-03,7.949999999999999
2009-07-04,7.4
2009-07-05,7.1000000000000005
2009-07-06,2.9000000000000004
2009-07-07,3.95
2009-07-08,4.5
2009-07-09,6.7
2009-07-10,7.1499999999999995
2009-07-11,8.35
2009-07-12,10.1
2009-07-13,8.8
2009-07-14,7.35
2009-07-15,4.75
2009-07-16,4.45
2009-07-17,7.1
2009-07-18,4.2
2009-07-19,6.55
2009-07-20,7.6000000000000005
2009-07-21,7.75
2009-07-22,10.8
2009-07-23,7.699999999999999
2009-07-24,3.9499999999999997
2009-07-25,4.75
2009-07-26,5.0
2009-07-27,5.5
2009-07-28,7.1
2009-07-29,8.8
2009-07-30,6.5
2009-07-31,8.05
2009-08-01,5.6499999999999995
2009-08-02,4.85
2009-08-03,8.55
2009-08-04,6.3500000000000005
2009-08-05,5.55
2009-08-06,9.55
2009-08-07,10.5
2009-08-08,4.5
2009-08-09,4.25
2009-08-10,5.8
2009-08-11,9.1
2009-08-12,7.2
2009-08-13,10.0
2009-08-14,7.9
2009-08-15,8.15
2009-08-16,6.8
2009-08-17,9.649999999999999
2009-08-18,5.65
2009-08-19,6.8999999999999995
2009-08-20,10.6
2009-08-21,7.25
2009-08-22,8.55
2009-08-23,13.549999999999999
2009-08-24,13.2
2009-08-25,8.2
2009-08-26,7.550000000000001
2009-08-27,10.4
2009-08-28,10.15
2009-08-29,12.2
2009-08-30,8.5
2009-08-31,9.25
2009-09-01,10.3
2009-09-02,6.9
2009-09-03,9.350000000000001
2009-09-04,12.649999999999999
2009-09-05,7.4
2009-09-06,5.800000000000001
2009-09-07,6.95
2009-09-08,7.9
2009-09-09,7.8999999999999995
2009-09-10,9.95
2009-09-11,8.0
2009-09-12,13.5
2009-09-13,14.85
2009-09-14,13.8
2009-09-15,11.65
2009-09-16,11.850000000000001
2009-09-17,14.899999999999999
2009-09-18,15.25
2009-09-19,14.2
2009-09-20,13.15
2009-09-21,10.95
2009-09-22,16.3
2009-09-23,10.9
2009-09-24,11.850000000000001
2009-09-25,11.0
2009-09-26,8.1
2009-09-27,5.949999999999999
2009-09-28,9.299999999999999
2009-09-29,10.0
2009-09-30,9.700000000000001
2009-10-01,13.700000000000001
2009-10-02,12.15
2009-10-03,9.8
2009-10-04,9.5
2009-10-05,12.45
2009-10-06,9.4
2009-10-07,5.2
2009-10-08,9.05
2009-10-09,7.1
2009-10-10,8.5
2009-10-11,10.1
2009-10-12,8.7
2009-10-13,11.7
2009-10-14,11.5
2009-10-15,11.5
2009-10-16,9.4
2009-10-17,8.6
2009-10-18,13.45
2009-10-19,12.600000000000001
2009-10-20,15.45
2009-10-21,16.5
2009-10-22,19.2
2009-10-23,18.45
2009-10-24,17.05
2009-10-25,13.5
2009-10-26,11.65
2009-10-27,12.95
2009-10-28,17.05
2009-10-29,16.8
2009-10-30,18.65
2009-10-31,19.4
2009-11-01,21.85
2009-11-02,23.549999999999997
2009-11-03,23.450000000000003
2009-11-04,16.95
2009-11-05,14.65
2009-11-06,15.8
2009-11-07,17.15
2009-11-10,21.05
2009-11-11,21.75
2009-11-12,22.9
2009-11-13,20.45
2009-11-14,20.349999999999998
2009-11-15,23.200000000000003
2009-11-16,23.25
2009-11-17,19.25
2009-11-18,22.45
2009-11-19,26.05
2009-11-20,28.1
2009-11-21,24.35
2009-11-22,23.950000000000003
2009-11-23,16.5
2009-11-24,16.75
2009-11-25,23.200000000000003
2009-11-26,23.599999999999998
2009-11-27,19.8
2009-11-28,20.5
2009-11-29,16.55
2009-11-30,15.05
2009-12-01,14.15
2009-12-02,15.3
2009-12-03,17.85
2009-12-04,20.05
2009-12-05,18.45
2009-12-06,19.55
2009-12-07,21.75
2009-12-08,23.200000000000003
2009-12-09,17.2
2009-12-10,18.85
2009-12-11,16.9
2009-12-12,17.3
2009-12-13,20.5
2009-12-14,21.1
2009-12-15,23.5
2009-12-16,24.85
2009-12-17,26.9
2009-12-18,21.8
2009-12-19,18.9
2009-12-20,21.1
2009-12-21,23.55
2009-12-22,23.549999999999997
2009-12-23,24.599999999999998
2009-12-24,26.4
2009-12-25,18.6
2009-12-26,15.8
2009-12-27,20.4
2009-12-28,22.9
2009-12-29,22.7
2009-12-30,19.95
2009-12-31,21.15
2010-01-01,24.7
2010-01-02,25.05
2010-01-03,23.049999999999997
2010-01-04,21.9
2010-01-05,22.15
2010-01-06,23.799999999999997
2010-01-07,20.6
2010-01-08,24.349999999999998
2010-01-11,27.25
2010-01-12,29.349999999999998
2010-01-13,29.65
2010-01-14,21.15
2010-01-15,23.1
2010-01-16,23.65
2010-01-17,19.95
2010-01-18,16.1
2010-01-19,14.2
2010-01-20,20.450000000000003
2010-01-23,30.200000000000003
2010-01-24,20.5
2010-01-25,23.5
2010-01-26,26.15
2010-01-27,24.450000000000003
2010-01-28,25.549999999999997
2010-01-29,23.849999999999998
2010-01-30,22.3
2010-01-31,22.75
2010-02-01,24.8
2010-02-02,21.2
2010-02-03,22.6
2010-02-04,24.5
2010-02-05,23.0
2010-02-06,20.9
2010-02-07,21.25
2010-02-08,23.2
2010-02-10,25.299999999999997
2010-02-11,25.0
2010-02-12,25.5
2010-02-13,18.15
2010-02-14,19.8
2010-02-15,20.049999999999997
2010-02-16,20.15
2010-02-17,19.65
2010-02-18,17.75
2010-02-19,18.2
2010-02-20,19.75
2010-02-21,22.549999999999997
2010-02-22,23.9
2010-02-23,22.1
2010-02-24,17.65
2010-02-25,18.8
2010-02-26,17.65
2010-02-27,20.6
2010-02-28,21.65
2010-03-01,16.8
2010-03-02,14.850000000000001
2010-03-03,17.0
2010-03-04,18.1
2010-03-05,17.85
2010-03-06,22.2
2010-03-07,22.15
2010-03-08,21.049999999999997
2010-03-09,18.85
2010-03-10,15.0
2010-03-11,14.0
2010-03-12,15.7
2010-03-13,16.4
2010-03-14,16.0
2010-03-15,16.75
2010-03-16,18.25
2010-03-17,18.7
2010-03-18,19.55
2010-03-19,18.5
2010-03-20,19.65
2010-03-21,20.7
2010-03-22,15.75
2010-03-23,17.2
2010-03-24,17.35
2010-03-25,19.45
2010-03-26,18.9
2010-03-27,18.1
2010-03-28,20.8
2010-03-29,19.9
2010-03-30,18.5
2010-03-31,16.8
2010-04-01,14.850000000000001
2010-04-02,13.9
2010-04-03,15.0
2010-04-04,14.2
2010-04-05,14.35
2010-04-06,15.1
2010-04-07,17.1
2010-04-08,18.35
2010-04-09,14.5
2010-04-10,15.350000000000001
2010-04-11,16.65
2010-04-12,11.8
2010-04-13,10.25
2010-04-14,11.2
2010-04-15,12.799999999999999
2010-04-16,14.649999999999999
2010-04-17,15.45
2010-04-18,16.9
2010-04-19,17.05
2010-04-20,17.2
2010-04-21,15.55
2010-04-22,16.349999999999998
2010-04-23,15.5
2010-04-24,15.950000000000001
2010-04-25,14.899999999999999
2010-04-26,9.2
2010-04-27,8.35
2010-04-28,10.75
2010-04-29,13.450000000000001
2010-04-30,11.55
2010-05-01,12.65
2010-05-02,11.45
2010-05-03,12.15
2010-05-04,14.55
2010-05-05,11.2
2010-05-06,10.75
2010-05-07,9.3
2010-05-08,9.85
2010-05-09,10.5
2010-05-10,10.149999999999999
2010-05-11,9.75
2010-05-12,6.2
2010-05-13,6.1
2010-05-14,8.35
2010-05-15,8.3
2010-05-16,7.5
2010-05-17,9.850000000000001
2010-05-18,8.2
2010-05-19,7.6499999999999995
2010-05-20,7.45
2010-05-21,8.9
2010-05-22,7.8
2010-05-23,8.7
2010-05-24,9.65
2010-05-25,10.75
2010-05-26,11.25
2010-05-27,9.95
2010-05-28,12.35
2010-05-29,11.649999999999999
2010-05-30,10.65
2010-05-31,12.5
2010-06-01,7.5
2010-06-02,9.100000000000001
2010-06-03,10.3
2010-06-04,11.05
2010-06-05,7.6000000000000005
2010-06-06,6.2
2010-06-07,5.55
2010-06-08,6.6000000000000005
2010-06-09,5.35
2010-06-10,7.35
2010-06-11,4.6
2010-06-12,4.85
2010-06-13,3.4
2010-06-14,4.4
2010-06-15,6.0
2010-06-16,6.75
2010-06-17,6.9
2010-06-18,8.1
2010-06-19,8.65
2010-06-20,7.9
2010-06-21,8.4
2010-06-22,6.45
2010-06-23,8.15
2010-06-24,11.3
2010-06-25,9.0
2010-06-26,9.95
2010-06-27,4.05
2010-06-28,1.9500000000000002
2010-06-29,3.0
2010-06-30,3.5
2010-07-01,5.0
2010-07-02,1.7999999999999998
2010-07-03,5.75
2010-07-04,4.0
2010-07-05,4.550000000000001
2010-07-06,6.8500000000000005
2010-07-07,4.699999999999999
2010-07-08,5.05
2010-07-09,6.5
2010-07-10,7.3
2010-07-11,10.1
2010-07-12,5.95
2010-07-13,8.4
2010-07-14,8.7
2010-07-15,6.4
2010-07-16,4.3999999999999995
2010-07-17,4.6
2010-07-18,4.1499999999999995
2010-07-19,5.05
2010-07-20,4.4
2010-07-21,3.9
2010-07-22,4.15
2010-07-23,6.85
2010-07-24,5.8999999999999995
2010-07-25,8.05
2010-07-26,6.1
2010-07-27,6.35
2010-07-28,6.7
2010-07-29,10.0
2010-07-30,9.95
2010-07-31,12.100000000000001
2010-08-01,9.3
2010-08-02,6.8999999999999995
2010-08-03,9.2
2010-08-04,4.8
2010-08-05,7.9
2010-08-06,4.3999999999999995
2010-08-07,3.9
2010-08-08,4.449999999999999
2010-08-09,5.7
2010-08-10,9.15
2010-08-11,6.85
2010-08-12,6.3500000000000005
2010-08-13,6.5
2010-08-14,8.3
2010-08-15,9.899999999999999
2010-08-16,8.65
2010-08-17,5.0
2010-08-18,4.15
2010-08-19,9.1
2010-08-20,7.9
2010-08-21,7.8999999999999995
2010-08-22,5.300000000000001
2010-08-23,7.800000000000001
2010-08-24,9.0
2010-08-25,5.8500000000000005
2010-08-26,5.95
2010-08-27,8.4
2010-08-28,5.5
2010-08-29,7.35
2010-08-30,8.45
2010-08-31,7.75
2010-09-01,11.6
2010-09-02,12.65
2010-09-03,9.7
2010-09-04,12.2
2010-09-05,10.25
2010-09-06,8.7
2010-09-07,6.6499999999999995
2010-09-08,7.0
2010-09-09,9.1
2010-09-10,12.4
2010-09-11,9.9
2010-09-12,6.75
2010-09-13,12.25
2010-09-14,8.6
2010-09-15,11.1
2010-09-16,10.1
2010-09-17,7.95
2010-09-18,6.949999999999999
2010-09-19,8.5
2010-09-20,9.6
2010-09-21,11.65
2010-09-22,13.15
2010-09-23,13.3
2010-09-24,11.0
2010-09-25,10.799999999999999
2010-09-26,11.65
2010-09-27,13.2
2010-09-28,12.5
2010-09-29,8.0
2010-09-30,6.45
2010-10-01,7.8999999999999995
2010-10-02,11.35
2010-10-03,14.3
2010-10-04,14.75
2010-10-05,14.9
2010-10-06,17.15
2010-10-07,15.149999999999999
2010-10-08,10.100000000000001
2010-10-09,13.7
2010-10-10,13.35
2010-10-11,12.5
2010-10-12,13.4
2010-10-13,15.25
2010-10-14,16.049999999999997
2010-10-15,14.05
2010-10-16,7.300000000000001
2010-10-17,10.3
2010-10-18,9.450000000000001
2010-10-19,9.7
2010-10-20,14.45
2010-10-21,13.95
2010-10-22,15.0
2010-10-23,14.6
2010-10-24,12.55
2010-10-25,11.5
2010-10-26,12.75
2010-10-27,15.25
2010-10-28,14.399999999999999
2010-10-29,14.65
2010-10-30,17.45
2010-10-31,19.2
2010-11-01,12.95
2010-11-02,12.649999999999999
2010-11-03,11.25
2010-11-04,10.850000000000001
2010-11-05,10.65
2010-11-06,10.65
2010-11-07,14.05
2010-11-08,16.8
2010-11-09,16.3
2010-11-10,17.25
2010-11-11,19.85
2010-11-12,19.9
2010-11-13,20.35
2010-11-14,21.0
2010-11-15,20.25
2010-11-16,14.75
2010-11-17,15.299999999999999
2010-11-18,15.149999999999999
2010-11-19,15.45
2010-11-20,14.7
2010-11-21,17.15
2010-11-22,16.75
2010-11-23,17.1
2010-11-24,18.6
2010-11-25,19.5
2010-11-26,18.9
2010-11-27,18.8
2010-11-28,17.4
2010-11-29,13.899999999999999
2010-11-30,14.35
2010-12-01,16.65
2010-12-02,19.85
2010-12-03,17.9
2010-12-04,20.85
2010-12-05,19.4
2010-12-06,19.1
2010-12-07,21.3
2010-12-08,22.299999999999997
2010-12-09,22.25
2010-12-10,19.15
2010-12-11,15.9
2010-12-12,18.1
2010-12-13,15.55
2010-12-14,18.9
2010-12-15,20.25
2010-12-16,19.3
2010-12-17,17.25
2010-12-18,16.65
2010-12-19,13.25
2010-12-20,12.25
2010-12-21,14.45
2010-12-22,15.2
2010-12-23,18.6
2010-12-24,17.65
2010-12-25,18.85
2010-12-26,20.75
2010-12-27,20.0
2010-12-28,14.55
2010-12-29,18.25
2010-12-30,21.25
2010-12-31,23.15
2011-01-01,24.5
2011-01-02,24.4
2011-01-03,17.700000000000003
2011-01-04,17.4
2011-01-05,19.35
2011-01-06,17.200000000000003
2011-01-07,18.2
2011-01-08,22.7
2011-01-09,18.75
2011-01-10,22.15
2011-01-11,19.700000000000003
2011-01-12,22.299999999999997
2011-01-13,22.1
2011-01-14,21.75
2011-01-15,25.35
2011-01-16,23.75
2011-01-17,23.25
2011-01-18,19.7
2011-01-19,21.3
2011-01-20,20.65
2011-01-21,21.45
2011-01-22,23.6
2011-01-23,21.9
2011-01-24,23.200000000000003
2011-01-25,24.05
2011-01-26,26.299999999999997
2011-01-27,26.45
2011-01-28,22.9
2011-01-29,21.65
2011-01-30,22.4
2011-01-31,26.65
2011-02-01,26.65
2011-02-02,28.35
2011-02-03,26.549999999999997
2011-02-04,26.8
2011-02-05,26.2
2011-02-06,20.1
2011-02-07,15.45
2011-02-08,17.8
2011-02-09,17.6
2011-02-10,17.95
2011-02-11,21.200000000000003
2011-02-12,20.1
2011-02-13,20.1
2011-02-14,16.6
2011-02-15,16.95
2011-02-16,18.1
2011-02-17,22.549999999999997
2011-02-18,22.0
2011-02-19,22.85
2011-02-20,21.4
2011-02-21,18.0
2011-02-22,16.15
2011-02-23,16.3
2011-02-24,19.75
2011-02-25,19.950000000000003
2011-02-26,20.55
2011-02-27,19.200000000000003
2011-02-28,20.3
2011-03-01,20.05
2011-03-02,15.85
2011-03-03,17.15
2011-03-04,14.649999999999999
2011-03-05,15.6
2011-03-06,15.8
2011-03-07,15.25
2011-03-08,17.5
2011-03-09,19.25
2011-03-10,18.6
2011-03-11,19.7
2011-03-12,20.55
2011-03-13,21.1
2011-03-14,21.0
2011-03-15,19.25
2011-03-16,21.25
2011-03-17,20.3
2011-03-18,16.85
2011-03-19,18.2
2011-03-20,17.85
2011-03-21,17.1
2011-03-22,20.15
2011-03-23,18.25
2011-03-24,15.75
2011-03-25,16.7
2011-03-26,15.05
2011-03-27,13.899999999999999
2011-03-28,13.6
2011-03-29,16.6
2011-03-30,17.3
2011-03-31,14.75
2011-05-01,12.549999999999999
2011-05-02,12.899999999999999
2011-05-03,11.3
2011-05-04,9.950000000000001
2011-05-05,7.15
2011-05-06,5.4
2011-05-07,7.1
2011-05-08,6.949999999999999
2011-05-09,5.8
2011-05-10,6.6
2011-05-11,6.699999999999999
2011-05-12,3.65
2011-05-13,9.75
2011-05-14,5.3
2011-05-15,3.55
2011-05-16,2.3
2011-05-17,8.1
2011-05-18,7.050000000000001
2011-05-19,7.8500000000000005
2011-05-20,6.15
2011-05-21,7.6
2011-05-22,10.55
2011-05-23,10.85
2011-05-24,11.45
2011-05-25,9.600000000000001
2011-05-26,6.3
2011-05-27,6.4
2011-05-28,5.9
2011-05-29,8.1
2011-05-30,8.55
2011-05-31,13.25
2011-06-01,9.7
2011-06-02,11.8
2011-06-03,9.5
2011-06-04,8.8
2011-06-05,3.9999999999999996
2011-06-06,6.95
2011-06-07,2.6
2011-06-08,3.55
2011-06-09,7.35
2011-06-10,8.35
2011-06-11,6.75
2011-06-12,6.5
2011-06-13,8.95
2011-06-14,8.4
2011-06-15,10.0
2011-06-16,9.35
2011-06-17,5.05
2011-06-18,7.050000000000001
2011-06-19,4.9
2011-06-20,8.1
2011-06-21,9.15
2011-06-22,6.7
2011-06-23,9.850000000000001
2011-06-24,5.7
2011-06-25,6.1
2011-06-26,4.85
2011-06-27,5.1
2011-06-28,5.4
2011-06-29,5.449999999999999
2011-06-30,8.15
2011-07-01,1.9500000000000002
2011-07-02,4.15
2011-07-03,6.950000000000001
2011-07-04,9.1
2011-07-05,6.65
2011-07-06,7.55
2011-07-07,6.95
2011-07-08,2.3000000000000003
2011-07-09,5.15
2011-07-10,6.05
2011-07-11,6.050000000000001
2011-07-12,7.0
2011-07-13,7.0
2011-07-14,4.1000000000000005
2011-07-15,2.9499999999999997
2011-07-16,5.35
2011-07-17,6.35
2011-07-18,7.4
2011-07-19,3.9000000000000004
2011-07-20,8.05
2011-07-21,7.6
2011-07-22,8.4
2011-07-23,5.95
2011-07-24,1.2999999999999998
2011-07-25,6.6000000000000005
2011-07-26,9.3
2011-07-27,5.2
2011-07-28,4.449999999999999
2011-07-29,3.55
2011-07-30,4.5
2011-07-31,6.7
2011-08-01,7.45
2011-08-02,9.200000000000001
2011-08-03,11.6
2011-08-04,10.55
2011-08-05,9.15
2011-08-06,10.2
2011-08-07,7.5
2011-08-08,4.95
2011-08-09,5.5
2011-08-10,5.0
2011-08-11,7.7
2011-08-12,8.6
2011-08-13,5.25
2011-08-14,8.25
2011-08-15,6.5
2011-08-16,11.6
2011-08-17,8.0
2011-08-18,7.9
2011-08-19,9.8
2011-08-20,9.200000000000001
2011-08-21,9.5
2011-08-22,6.8
2011-08-23,9.9
2011-08-24,8.8
2011-08-25,8.0
2011-08-26,10.950000000000001
2011-08-27,10.2
2011-08-28,9.950000000000001
2011-08-29,10.25
2011-08-30,9.95
2011-08-31,8.7
2011-09-01,10.85
2011-09-02,9.4
2011-09-03,7.6
2011-09-04,9.65
2011-09-05,13.75
2011-09-06,10.450000000000001
2011-09-07,6.9
2011-09-08,6.9
2011-09-09,8.45
2011-09-10,4.4
2011-09-11,6.7
2011-09-12,5.95
2011-09-13,5.7
2011-09-14,9.25
2011-09-15,9.65
2011-09-16,11.299999999999999
2011-09-17,12.4
2011-09-18,15.600000000000001
2011-09-19,15.600000000000001
2011-09-20,14.700000000000001
2011-09-21,11.75
2011-09-22,9.6
2011-09-23,13.35
2011-09-24,11.649999999999999
2011-09-25,9.65
2011-09-26,8.5
2011-09-27,9.75
2011-09-28,10.0
2011-09-29,11.2
2011-09-30,10.1
2011-10-01,7.1
2011-10-02,8.299999999999999
2011-10-03,8.35
2011-10-04,10.15
2011-10-05,9.2
2011-10-06,11.65
2011-10-07,13.75
2011-10-08,14.7
2011-10-09,11.15
2011-10-10,10.7
2011-10-11,10.7
2011-10-12,9.05
2011-10-13,14.25
2011-10-14,14.5
2011-10-15,18.25
2011-10-16,13.399999999999999
2011-10-17,11.0
2011-10-18,11.75
2011-10-19,14.45
2011-10-20,15.45
2011-10-21,16.400000000000002
2011-10-22,16.95
2011-10-23,18.85
2011-10-24,19.75
2011-10-25,12.5
2011-10-26,11.0
2011-10-27,13.05
2011-10-28,17.25
2011-10-29,18.4
2011-10-30,13.700000000000001
2011-10-31,12.75
2011-11-01,16.45
2011-11-02,15.0
2011-11-03,16.549999999999997
2011-11-04,15.25
2011-11-05,17.05
2011-11-06,20.3
2011-11-07,22.35
2011-11-08,21.15
2011-11-09,21.5
2011-11-10,18.7
2011-11-11,14.450000000000001
2011-11-12,18.05
2011-11-13,17.45
2011-11-14,21.9
2011-11-15,18.9
2011-11-16,14.8
2011-11-17,17.55
2011-11-18,20.35
2011-11-19,22.25
2011-11-20,18.5
2011-11-21,14.5
2011-11-22,13.75
2011-11-23,15.3
2011-11-24,14.0
2011-11-25,13.2
2011-11-26,19.15
2011-11-27,18.9
2011-11-28,18.450000000000003
2011-11-29,23.1
2011-11-30,18.15
2011-12-01,13.149999999999999
2011-12-02,14.6
2011-12-03,15.95
2011-12-04,15.600000000000001
2011-12-05,11.15
2011-12-06,11.1
2011-12-07,13.7
2011-12-08,16.95
2011-12-09,16.1
2011-12-10,18.799999999999997
2011-12-11,18.55
2011-12-12,17.7
2011-12-13,16.299999999999997
2011-12-14,13.1
2011-12-15,17.4
2011-12-16,16.5
2011-12-17,18.75
2011-12-18,17.1
2011-12-19,18.45
2011-12-20,18.75
2011-12-21,18.0
2011-12-22,19.75
2011-12-23,20.0
2011-12-24,20.5
2011-12-25,19.95
2011-12-26,19.299999999999997
2011-12-27,18.05
2011-12-28,17.8
2011-12-29,18.2
2011-12-30,16.9
2011-12-31,17.3
2012-01-01,21.25
2012-01-02,23.1
2012-01-03,25.450000000000003
2012-01-04,23.3
2012-01-05,21.75
2012-01-06,19.45
2012-01-07,18.65
2012-01-08,21.200000000000003
2012-01-09,19.25
2012-01-10,16.4
2012-01-11,15.5
2012-01-12,12.15
2012-01-13,16.15
2012-01-14,19.450000000000003
2012-01-15,16.5
2012-01-16,18.95
2012-01-17,19.9
2012-01-18,21.3
2012-01-19,22.6
2012-01-20,22.5
2012-01-21,21.45
2012-01-22,19.1
2012-01-23,18.200000000000003
2012-01-24,18.25
2012-01-25,19.25
2012-01-26,21.85
2012-01-27,20.3
2012-01-28,22.8
2012-01-29,21.4
2012-01-30,23.3
2012-01-31,20.95
2012-02-01,16.15
2012-02-02,14.149999999999999
2012-02-03,15.049999999999999
2012-02-04,20.9
2012-02-05,20.8
2012-02-06,20.95
2012-02-07,18.1
2012-02-08,18.8
2012-02-09,19.0
2012-02-10,20.3
2012-02-11,16.45
2012-02-12,17.8
2012-02-13,18.299999999999997
2012-02-14,20.25
2012-02-15,18.1
2012-02-16,19.55
2012-02-17,19.65
2012-02-18,18.85
2012-02-19,21.450000000000003
2012-02-20,19.15
2012-02-21,18.6
2012-02-22,18.75
2012-02-23,18.75
2012-02-24,20.95
2012-02-25,20.7
2012-02-26,20.35
2012-02-27,19.950000000000003
2012-02-28,20.1
2012-02-29,18.2
2012-03-01,17.45
2012-03-02,14.850000000000001
2012-03-03,14.75
2012-03-04,17.9
2012-03-05,16.9
2012-03-06,18.0
2012-03-07,12.75
2012-03-08,14.95
2012-03-09,16.65
2012-03-10,16.5
2012-03-11,18.75
2012-03-12,17.4
2012-03-13,18.8
2012-03-14,19.55
2012-03-15,19.55
2012-03-16,19.15
2012-03-17,19.25
2012-03-18,14.2
2012-03-19,15.6
2012-03-20,15.9
2012-03-21,16.85
2012-03-22,15.049999999999999
2012-03-23,12.85
2012-03-24,12.1
2012-03-25,11.049999999999999
2012-03-26,15.850000000000001
2012-03-27,14.35
2012-03-28,15.9
2012-03-29,14.850000000000001
2012-03-30,15.399999999999999
2012-03-31,15.8
2012-04-01,16.5
2012-04-02,15.8
2012-04-03,17.0
2012-04-04,18.549999999999997
2012-04-05,18.85
2012-04-06,18.7
2012-04-07,16.65
2012-04-08,14.75
2012-04-09,9.5
2012-04-10,7.55
2012-04-11,10.200000000000001
2012-04-12,9.9
2012-04-13,11.65
2012-04-14,9.55
2012-04-15,13.049999999999999
2012-04-16,14.05
2012-04-17,13.05
2012-04-18,16.15
2012-04-19,18.35
2012-04-20,15.4
2012-04-21,16.25
2012-04-22,14.0
2012-04-23,13.45
2012-04-24,8.95
2012-04-25,9.55
2012-04-26,9.75
2012-04-27,10.5
2012-04-28,11.649999999999999
2012-04-29,9.85
2012-04-30,7.6
2012-05-01,9.6
2012-05-02,7.6000000000000005
2012-05-03,11.45
2012-05-04,6.449999999999999
2012-05-05,7.300000000000001
2012-05-06,6.5
2012-05-07,5.5
2012-05-08,8.7
2012-05-09,10.8
2012-05-10,12.25
2012-05-11,14.25
2012-05-12,7.25
2012-05-13,8.8
2012-05-14,4.65
2012-05-15,5.45
2012-05-16,5.8999999999999995
2012-05-17,7.050000000000001
2012-05-18,5.999999999999999
2012-05-19,5.85
2012-05-20,7.750000000000001
2012-05-21,8.6
2012-05-22,5.95
2012-05-23,7.500000000000001
2012-05-24,6.25
2012-05-25,8.25
2012-05-26,8.2
2012-05-27,7.55
2012-05-28,5.75
2012-05-29,6.55
2012-05-30,5.8
2012-05-31,8.799999999999999
2012-06-01,6.5
2012-06-02,7.7
2012-06-03,11.25
2012-06-04,7.35
2012-06-05,7.45
2012-06-06,8.2
2012-06-07,4.3
2012-06-08,3.5
2012-06-09,4.65
2012-06-10,4.65
2012-06-11,5.4
2012-06-12,7.9
2012-06-13,8.9
2012-06-14,9.600000000000001
2012-06-15,10.5
2012-06-16,5.3500000000000005
2012-06-17,8.2
2012-06-18,6.55
2012-06-19,6.8500000000000005
2012-06-20,2.35
2012-06-21,6.5
2012-06-22,9.149999999999999
2012-06-23,4.55
2012-06-24,6.15
2012-06-25,6.2
2012-06-26,4.2
2012-06-27,6.55
2012-06-28,6.5
2012-06-29,8.6
2012-06-30,7.9
2012-07-01,5.6
2012-07-02,5.1
2012-07-03,3.1
2012-07-04,2.7
2012-07-05,3.25
2012-07-06,4.0
2012-07-07,3.3499999999999996
2012-07-08,3.8999999999999995
2012-07-09,4.85
2012-07-10,3.3500000000000005
2012-07-11,9.05
2012-07-12,7.1
2012-07-13,11.850000000000001
2012-07-14,10.05
2012-07-15,7.45
2012-07-16,8.899999999999999
2012-07-17,8.65
2012-07-18,8.15
2012-07-19,4.300000000000001
2012-07-20,4.8999999999999995
2012-07-21,5.05
2012-07-22,5.8
2012-07-23,7.55
2012-07-24,5.3999999999999995
2012-07-25,6.4
2012-07-26,8.45
2012-07-27,4.8999999999999995
2012-07-28,6.4
2012-07-29,5.55
2012-07-30,3.6499999999999995
2012-07-31,5.8
2012-08-01,7.05
2012-08-02,2.95
2012-08-03,6.5
2012-08-04,7.3500000000000005
2012-08-05,7.8
2012-08-06,7.85
2012-08-07,4.15
2012-08-08,7.1000000000000005
2012-08-09,9.2
2012-08-10,4.65
2012-08-11,7.65
2012-08-12,9.3
2012-08-13,5.7
2012-08-14,4.300000000000001
2012-08-15,7.3999999999999995
2012-08-16,5.9
2012-08-17,5.1499999999999995
2012-08-18,7.1499999999999995
2012-08-19,5.25
2012-08-20,4.7
2012-08-21,6.0
2012-08-22,8.35
2012-08-23,8.65
2012-08-24,6.25
2012-08-25,7.300000000000001
2012-08-26,8.5
2012-08-27,4.9
2012-08-28,5.0
2012-08-29,7.050000000000001
2012-08-30,7.5
2012-08-31,6.25
2012-09-01,3.85
2012-09-02,5.9
2012-09-03,7.950000000000001
2012-09-04,9.7
2012-09-05,10.45
2012-09-06,12.65
2012-09-07,9.15
2012-09-08,10.35
2012-09-09,9.15
2012-09-10,8.700000000000001
2012-09-11,8.25
2012-09-12,10.1
2012-09-13,7.75
2012-09-14,6.3999999999999995
2012-09-15,6.8500000000000005
2012-09-16,9.6
2012-09-17,11.25
2012-09-18,12.7
2012-09-19,10.200000000000001
2012-09-20,14.2
2012-09-21,12.25
2012-09-22,10.15
2012-09-23,11.200000000000001
2012-09-24,7.549999999999999
2012-09-25,7.7
2012-09-26,14.350000000000001
2012-09-27,13.3
2012-09-28,14.15
2012-09-29,10.25
2012-09-30,8.5
2012-10-01,8.0
2012-10-02,10.450000000000001
2012-10-03,12.0
2012-10-04,14.0
2012-10-05,16.55
2012-10-06,12.85
2012-10-07,8.75
2012-10-08,10.5
2012-10-09,9.7
2012-10-10,8.8
2012-10-11,6.9
2012-10-12,8.65
2012-10-13,7.6
2012-10-14,10.100000000000001
2012-10-15,12.7
2012-10-16,15.75
2012-10-17,15.45
2012-10-18,13.15
2012-10-19,15.3
2012-10-20,15.75
2012-10-21,13.3
2012-10-22,9.25
2012-10-23,9.700000000000001
2012-10-24,11.649999999999999
2012-10-25,15.7
2012-10-26,12.25
2012-10-27,10.4
2012-10-28,12.0
2012-10-29,14.75
2012-10-30,16.05
2012-10-31,17.15
2012-11-01,16.2
2012-11-02,11.3
2012-11-03,13.4
2012-11-04,15.75
2012-11-05,18.8
2012-11-06,21.65
2012-11-07,17.700000000000003
2012-11-08,18.1
2012-11-09,16.1
2012-11-10,13.1
2012-11-11,11.85
2012-11-12,15.0
2012-11-13,17.35
2012-11-14,15.95
2012-11-15,18.6
2012-11-16,17.5
2012-11-17,15.4
2012-11-18,16.15
2012-11-19,12.4
2012-11-20,12.950000000000001
2012-11-21,17.099999999999998
2012-11-22,17.45
2012-11-23,18.25
2012-11-24,19.4
2012-11-25,21.4
2012-11-26,20.35
2012-11-27,20.1
2012-11-28,19.95
2012-11-29,24.950000000000003
2012-11-30,26.55
2013-01-01,20.3
2013-01-02,21.05
2013-01-03,22.15
2013-01-04,23.95
2013-01-05,27.8
2013-01-06,27.1
2013-01-07,25.45
2013-01-08,27.5
2013-01-09,21.0
2013-01-10,19.85
2013-01-11,23.55
2013-01-12,25.55
2013-01-13,22.450000000000003
2013-01-14,15.5
2013-01-15,17.15
2013-01-16,22.35
2013-01-17,24.15
2013-01-18,27.8
2013-01-19,21.4
2013-01-20,22.35
2013-01-21,25.5
2013-01-22,24.95
2013-01-23,21.1
2013-01-24,23.65
2013-01-25,23.05
2013-01-26,27.1
2013-01-27,23.6
2013-01-28,22.1
2013-01-29,21.45
2013-01-30,22.85
2013-01-31,22.5
2013-03-01,15.850000000000001
2013-03-02,15.05
2013-03-03,18.15
2013-03-04,16.75
2013-03-05,18.85
2013-03-06,17.65
2013-03-07,20.1
2013-03-08,18.05
2013-03-09,19.4
2013-03-10,21.85
2013-03-11,20.4
2013-03-12,21.4
2013-03-13,19.85
2013-03-14,21.75
2013-03-15,22.15
2013-03-16,21.95
2013-03-17,14.45
2013-03-18,12.7
2013-03-19,13.649999999999999
2013-03-20,15.950000000000001
2013-03-21,17.6
2013-03-22,18.65
2013-03-23,16.35
2013-03-24,15.85
2013-03-25,15.7
2013-03-26,18.4
2013-03-27,19.5
2013-03-28,20.65
2013-03-29,13.100000000000001
2013-03-30,13.55
2013-03-31,13.299999999999999
2013-04-01,14.9
2013-04-02,13.55
2013-04-03,13.5
2013-04-04,11.75
2013-04-05,15.9
2013-04-06,13.5
2013-04-07,14.8
2013-04-08,14.299999999999999
2013-04-09,14.3
2013-04-10,15.95
2013-04-11,15.45
2013-04-12,17.5
2013-04-13,15.049999999999999
2013-04-14,16.349999999999998
2013-04-15,16.95
2013-04-16,15.2
2013-04-17,12.35
2013-04-18,15.2
2013-04-19,10.85
2013-04-20,12.549999999999999
2013-04-21,9.3
2013-04-22,12.399999999999999
2013-04-23,11.450000000000001
2013-04-24,8.4
2013-04-25,9.35
2013-04-26,13.7
2013-04-27,11.850000000000001
2013-04-28,17.5
2013-04-29,13.950000000000001
2013-04-30,16.95
2013-05-01,13.25
2013-05-02,8.7
2013-05-03,9.65
2013-05-04,15.350000000000001
2013-05-05,7.4
2013-05-06,8.1
2013-05-07,10.9
2013-05-08,13.850000000000001
2013-05-09,11.45
2013-05-10,12.3
2013-05-11,12.05
2013-05-12,12.3
2013-05-13,10.75
2013-05-14,7.45
2013-05-15,6.95
2013-05-16,11.2
2013-05-17,10.4
2013-05-18,5.5
2013-05-19,6.000000000000001
2013-05-20,6.15
2013-05-21,10.95
2013-05-22,4.55
2013-05-23,8.95
2013-05-24,8.25
2013-05-25,6.050000000000001
2013-05-26,3.4999999999999996
2013-05-27,6.6
2013-05-28,9.8
2013-05-29,9.7
2013-05-30,10.549999999999999
2013-05-31,12.2
2013-06-01,10.95
2013-06-02,11.2
2013-06-03,5.1
2013-06-04,6.6499999999999995
2013-06-05,6.3
2013-06-06,8.4
2013-06-07,10.9
2013-06-08,5.949999999999999
2013-06-09,6.6
2013-06-10,6.45
2013-06-11,9.15
2013-06-12,5.7
2013-06-13,9.9
2013-06-14,10.85
2013-06-15,10.35
2013-06-16,7.5
2013-06-17,6.1499999999999995
2013-06-18,6.3500000000000005
2013-06-19,7.25
2013-06-20,4.3
2013-06-21,4.550000000000001
2013-06-22,3.4499999999999997
2013-06-23,4.65
2013-06-24,7.55
2013-06-25,9.7
2013-06-26,10.15
2013-06-27,7.8500000000000005
2013-06-28,9.6
2013-06-29,10.0
2013-06-30,7.9
2013-07-01,6.0
2013-07-02,4.25
2013-07-03,5.85
2013-07-04,5.0
2013-07-05,9.15
2013-07-06,8.1
2013-07-07,6.65
2013-07-08,6.15
2013-07-09,5.199999999999999
2013-07-10,7.8
2013-07-11,7.95
2013-07-12,7.8
2013-07-13,8.15
2013-07-14,5.9
2013-07-15,9.95
2013-07-16,11.65
2013-07-17,12.100000000000001
2013-07-18,10.0
2013-07-19,10.45
2013-07-20,8.35
2013-07-21,5.1499999999999995
2013-07-22,5.35
2013-07-23,8.2
2013-07-24,7.5
2013-07-25,3.6500000000000004
2013-07-26,5.15
2013-07-27,5.300000000000001
2013-07-28,5.8999999999999995
2013-07-29,8.75
2013-07-30,12.15
2013-07-31,9.45
2013-08-01,6.25
2013-08-02,7.050000000000001
2013-08-03,8.25
2013-08-04,9.15
2013-08-05,8.649999999999999
2013-08-06,8.6
2013-08-07,5.1
2013-08-08,7.8500000000000005
2013-08-09,4.0
2013-08-10,10.85
2013-08-11,7.0
2013-08-12,6.95
2013-08-13,9.149999999999999
2013-08-14,11.649999999999999
2013-08-15,8.0
2013-08-16,7.200000000000001
2013-08-17,8.65
2013-08-18,11.0
2013-08-19,8.7
2013-08-20,5.199999999999999
2013-08-21,6.8
2013-08-22,7.3
2013-08-23,9.15
2013-08-24,11.3
2013-08-25,9.399999999999999
2013-08-26,6.95
2013-08-27,10.100000000000001
2013-08-28,10.05
2013-08-29,11.05
2013-08-30,14.3
2013-08-31,10.8
2013-09-01,10.65
2013-09-02,13.049999999999999
2013-09-03,13.450000000000001
2013-09-04,12.5
2013-09-05,13.600000000000001
2013-09-06,14.450000000000001
2013-09-07,15.35
2013-09-08,11.85
2013-09-09,13.200000000000001
2013-09-10,15.399999999999999
2013-09-11,11.2
2013-09-12,10.35
2013-09-13,5.95
2013-09-14,12.7
2013-09-15,13.15
2013-09-16,10.95
2013-09-17,12.350000000000001
2013-09-18,14.5
2013-09-19,10.25
2013-09-20,8.4
2013-09-21,9.15
2013-09-22,9.100000000000001
2013-09-23,12.6
2013-09-24,14.65
2013-09-25,14.95
2013-09-26,11.850000000000001
2013-09-27,9.6
2013-09-28,9.25
2013-09-29,10.95
2013-09-30,13.2
2013-10-01,15.35
2013-10-02,10.7
2013-10-03,11.5
2013-10-04,8.5
2013-10-05,10.4
2013-10-06,14.8
2013-10-07,11.549999999999999
2013-10-08,10.4
2013-10-09,13.200000000000001
2013-10-10,17.55
2013-10-11,12.799999999999999
2013-10-12,12.25
2013-10-13,14.5
2013-10-14,8.55
2013-10-15,8.399999999999999
2013-10-16,12.200000000000001
2013-10-17,17.45
2013-10-18,8.55
2013-10-19,12.649999999999999
2013-10-20,14.85
2013-10-21,18.95
2013-10-22,17.95
2013-10-23,17.7
2013-10-24,11.95
2013-10-25,8.35
2013-10-26,10.700000000000001
2013-10-27,10.95
2013-10-28,16.6
2013-10-29,13.2
2013-10-30,11.350000000000001
2013-10-31,13.950000000000001
2013-11-01,17.549999999999997
2013-11-02,16.05
2013-11-03,15.9
2013-11-04,8.55
2013-11-05,11.6
2013-11-06,14.35
2013-11-07,18.0
2013-11-08,20.95
2013-11-09,17.55
2013-11-10,10.4
2013-11-11,10.5
2013-11-12,16.25
2013-11-13,12.1
2013-11-14,13.5
2013-11-15,13.850000000000001
2013-11-16,14.65
2013-11-17,12.85
2013-11-18,13.65
2013-11-19,16.05
2013-11-20,18.35
2013-11-21,19.6
2013-11-22,19.45
2013-11-23,15.05
2013-11-24,14.1
2013-11-25,14.0
2013-11-26,12.899999999999999
2013-11-27,16.15
2013-11-28,20.1
2013-11-29,17.75
2013-11-30,14.8
2013-12-01,15.7
2013-12-02,18.6
2013-12-03,20.85
2013-12-04,23.65
2013-12-05,14.649999999999999
2013-12-06,12.4
2013-12-07,13.4
2013-12-08,17.4
2013-12-09,22.8
2013-12-10,19.2
2013-12-11,14.45
2013-12-12,15.7
2013-12-13,17.2
2013-12-14,19.05
2013-12-15,20.15
2013-12-16,21.05
2013-12-17,21.4
2013-12-18,22.85
2013-12-19,23.9
2013-12-20,25.8
2013-12-21,24.25
2013-12-22,27.5
2013-12-23,23.3
2013-12-24,17.15
2013-12-25,18.45
2013-12-26,19.4
2013-12-27,20.25
2013-12-28,23.200000000000003
2013-12-29,22.549999999999997
2013-12-30,21.85
2013-12-31,21.0
2014-01-01,18.5
2014-01-02,21.65
2014-01-03,26.35
2014-01-04,21.05
2014-01-05,17.55
2014-01-06,18.85
2014-01-07,18.05
2014-01-08,17.1
2014-01-09,17.55
2014-01-10,20.35
2014-01-11,22.5
2014-01-12,24.85
2014-01-13,22.2
2014-01-14,24.65
2014-01-15,27.200000000000003
2014-01-16,27.65
2014-01-17,25.450000000000003
2014-01-18,27.2
2014-01-19,23.849999999999998
2014-01-20,21.75
2014-01-21,23.450000000000003
2014-01-22,19.3
2014-01-23,18.9
2014-01-24,19.1
2014-01-25,17.55
2014-01-26,16.55
2014-01-27,19.2
2014-01-28,22.5
2014-01-29,25.2
2014-01-30,24.950000000000003
2014-01-31,26.55
2014-02-01,26.549999999999997
2014-02-02,27.45
2014-02-03,26.599999999999998
2014-02-04,20.299999999999997
2014-02-05,16.0
2014-02-06,21.2
2014-02-07,21.950000000000003
2014-02-08,24.5
2014-02-09,25.950000000000003
2014-02-10,24.45
2014-02-11,26.1
2014-02-12,24.1
2014-02-13,21.299999999999997
2014-02-14,22.799999999999997
2014-02-15,19.450000000000003
2014-02-16,22.15
2014-02-17,18.45
2014-02-18,22.05
2014-02-19,23.0
2014-02-20,15.8
2014-02-21,15.649999999999999
2014-02-22,19.75
2014-02-23,19.15
2014-02-24,19.9
2014-02-25,21.45
2014-02-26,21.4
2014-02-27,17.15
2014-02-28,16.049999999999997
2014-03-01,16.95
2014-03-02,19.0
2014-03-03,17.8
2014-03-04,20.9
2014-03-05,18.3
2014-03-06,20.05
2014-03-07,20.4
2014-03-08,18.6
2014-03-09,19.8
2014-03-10,18.8
2014-03-11,20.1
2014-03-12,21.05
2014-03-13,18.6
2014-03-14,20.0
2014-03-15,17.65
2014-03-16,16.200000000000003
2014-03-17,14.95
2014-03-18,17.1
2014-03-19,18.0
2014-03-20,20.3
2014-03-21,18.25
2014-03-22,18.8
2014-03-23,19.85
2014-03-24,14.4
2014-03-25,17.3
2014-03-26,16.6
2014-03-27,17.95
2014-03-28,17.45
2014-03-29,17.25
2014-03-30,16.65
2014-03-31,16.15
2014-04-01,16.9
2014-04-02,17.15
2014-04-03,16.45
2014-04-04,14.15
2014-04-05,15.15
2014-04-06,15.05
2014-04-07,13.149999999999999
2014-04-08,15.45
2014-04-09,16.0
2014-04-10,16.25
2014-04-11,17.700000000000003
2014-04-12,15.85
2014-04-13,13.3
2014-04-14,12.850000000000001
2014-04-15,11.4
2014-04-16,12.399999999999999
2014-04-17,12.1
2014-04-18,11.6
2014-04-19,10.35
2014-04-20,8.4
2014-04-21,9.95
2014-04-22,12.1
2014-04-23,13.5
2014-04-24,13.950000000000001
2014-04-25,10.25
2014-04-26,13.2
2014-04-27,10.2
2014-04-28,14.05
2014-04-29,13.25
2014-04-30,14.25
2014-05-01,8.0
2014-05-02,7.1000000000000005
2014-05-03,7.699999999999999
2014-05-04,9.4
2014-05-05,6.6000000000000005
2014-05-06,7.949999999999999
2014-05-07,8.7
2014-05-08,7.1000000000000005
2014-05-09,7.799999999999999
2014-05-10,9.2
2014-05-11,12.95
2014-05-12,10.950000000000001
2014-05-13,9.149999999999999
2014-05-14,8.85
2014-05-15,8.4
2014-05-16,10.5
2014-05-17,9.9
2014-05-18,11.15
2014-05-19,11.75
2014-05-20,11.0
2014-05-21,11.05
2014-05-22,10.65
2014-05-23,14.05
2014-05-24,14.600000000000001
2014-05-25,12.75
2014-05-26,13.649999999999999
2014-05-27,13.9
2014-05-28,11.55
2014-05-29,8.65
2014-05-30,9.05
2014-05-31,9.450000000000001
2014-06-01,10.8
2014-06-02,10.4
2014-06-03,10.3
2014-06-04,9.9
2014-06-05,10.55
2014-06-06,10.25
2014-06-07,6.0
2014-06-08,5.75
2014-06-09,9.4
2014-06-10,8.25
2014-06-11,6.3999999999999995
2014-06-12,7.65
2014-06-13,5.8500000000000005
2014-06-14,10.0
2014-06-15,10.3
2014-06-16,4.95
2014-06-17,9.9
2014-06-18,5.65
2014-06-19,6.25
2014-06-20,9.6
2014-06-21,6.0
2014-06-22,6.75
2014-06-23,5.7
2014-06-24,5.8
2014-06-25,7.55
2014-06-26,10.2
2014-06-27,9.6
2014-06-28,8.15
2014-06-29,6.550000000000001
2014-06-30,5.75
2014-07-01,4.05
2014-07-02,2.7
2014-07-03,6.3
2014-07-04,4.9
2014-07-05,5.2
2014-07-06,8.100000000000001
2014-07-07,4.6
2014-07-08,3.6499999999999995
2014-07-09,1.0499999999999998
2014-07-10,6.0
2014-07-11,7.85
2014-07-12,7.4
2014-07-13,3.6
2014-07-14,4.8999999999999995
2014-07-15,5.55
2014-07-16,9.15
2014-07-17,8.5
2014-07-18,7.4
2014-07-19,5.0
2014-07-20,3.6
2014-07-21,4.65
2014-07-22,6.7
2014-07-23,5.8500000000000005
2014-07-24,4.3
2014-07-25,7.3999999999999995
2014-07-26,6.85
2014-07-27,5.199999999999999
2014-07-28,5.3
2014-07-29,9.0
2014-07-30,12.600000000000001
2014-07-31,12.649999999999999
2014-08-01,6.65
2014-08-02,3.0
2014-08-03,2.5999999999999996
2014-08-04,3.6500000000000004
2014-08-05,3.1000000000000005
2014-08-06,3.5000000000000004
2014-08-07,5.0
2014-08-08,4.5
2014-08-09,4.4
2014-08-10,7.85
2014-08-11,2.9
2014-08-12,4.55
2014-08-13,5.35
2014-08-14,4.75
2014-08-15,6.6000000000000005
2014-08-16,7.0
2014-08-17,8.7
2014-08-18,10.95
2014-08-19,11.45
2014-08-20,6.449999999999999
2014-08-21,6.45
2014-08-22,8.200000000000001
2014-08-23,7.6499999999999995
2014-08-24,11.45
2014-08-25,8.25
2014-08-26,9.95
2014-08-27,9.25
2014-08-28,8.700000000000001
2014-08-29,8.3
2014-08-30,9.350000000000001
2014-08-31,8.7
2014-09-01,8.6
2014-09-02,9.05
2014-09-03,7.85
2014-09-04,7.449999999999999
2014-09-05,7.8999999999999995
2014-09-06,7.05
2014-09-07,7.55
2014-09-08,9.6
2014-09-09,10.9
2014-09-10,12.7
2014-09-11,10.85
2014-09-12,8.55
2014-09-13,11.05
2014-09-14,9.049999999999999
2014-09-15,10.049999999999999
2014-09-16,12.9
2014-09-17,11.2
2014-09-18,7.7
2014-09-19,5.9
2014-09-20,8.25
2014-09-21,10.799999999999999
2014-09-22,13.700000000000001
2014-09-23,12.0
2014-09-24,11.2
2014-09-25,15.1
2014-09-26,9.5
2014-09-27,11.149999999999999
2014-09-28,10.95
2014-09-29,16.450000000000003
2014-09-30,13.35
2014-10-01,10.85
2014-10-02,9.0
2014-10-03,10.1
2014-10-04,16.3
2014-10-05,15.6
2014-10-06,17.400000000000002
2014-10-07,15.4
2014-10-08,10.9
2014-10-09,11.2
2014-10-10,11.25
2014-10-11,14.850000000000001
2014-10-12,16.05
2014-10-13,17.4
2014-10-14,7.449999999999999
2014-10-15,11.1
2014-10-16,8.200000000000001
2014-10-17,9.100000000000001
2014-10-18,10.5
2014-10-19,13.8
2014-10-20,12.0
2014-10-21,13.55
2014-10-22,17.299999999999997
2014-10-23,17.75
2014-10-24,19.049999999999997
2014-10-25,18.9
2014-10-26,18.6
2014-10-27,16.55
2014-10-28,13.5
2014-10-29,15.45
2014-10-30,15.45
2014-10-31,18.55
2014-11-01,20.55
2014-11-02,12.3
2014-11-03,12.950000000000001
2014-11-04,17.8
2014-11-05,18.25
2014-11-06,18.1
2014-11-07,16.349999999999998
2014-11-08,17.75
2014-11-09,20.5
2014-11-10,21.6
2014-11-11,17.65
2014-11-12,18.75
2014-11-13,20.5
2014-11-14,23.400000000000002
2014-11-15,21.95
2014-11-16,15.95
2014-11-17,16.450000000000003
2014-11-18,15.399999999999999
2014-11-19,20.4
2014-11-20,19.4
2014-11-21,21.4
2014-11-22,22.15
2014-11-23,25.1
2014-11-24,22.6
2014-11-25,19.799999999999997
2014-11-26,16.6
2014-11-27,20.049999999999997
2014-11-28,16.6
2014-11-29,19.8
2014-11-30,20.7
2014-12-01,22.150000000000002
2014-12-02,23.4
2014-12-03,22.65
2014-12-04,21.35
2014-12-05,20.9
2014-12-06,19.200000000000003
2014-12-07,18.95
2014-12-08,20.05
2014-12-09,22.7
2014-12-10,22.3
2014-12-11,18.8
2014-12-12,16.9
2014-12-13,17.25
2014-12-14,17.650000000000002
2014-12-15,20.2
2014-12-16,24.4
2014-12-17,20.15
2014-12-18,18.5
2014-12-19,16.95
2014-12-20,19.049999999999997
2014-12-21,21.3
2014-12-22,22.55
2014-12-23,22.7
2014-12-24,21.049999999999997
2014-12-25,21.9
2014-12-26,19.8
2014-12-27,17.15
2014-12-28,18.2
2014-12-29,20.45
2014-12-30,18.0
2014-12-31,18.55
2015-01-01,24.4
2015-01-02,23.3
2015-01-03,24.5
2015-01-04,24.7
2015-01-05,21.55
2015-01-06,23.200000000000003
2015-01-07,22.6
2015-01-08,24.4
2015-01-09,25.25
2015-01-10,22.65
2015-01-11,19.5
2015-01-12,19.95
2015-01-13,18.75
2015-01-14,21.65
2015-01-15,18.9
2015-01-16,18.85
2015-01-17,20.5
2015-01-18,18.15
2015-01-19,17.85
2015-01-20,18.55
2015-01-21,22.35
2015-01-22,22.15
2015-01-23,23.4
2015-01-24,23.9
2015-01-25,21.65
2015-01-26,17.799999999999997
2015-01-27,16.05
2015-01-28,18.1
2015-01-29,15.75
2015-01-30,14.45
2015-01-31,15.85
2015-02-01,18.25
2015-02-02,17.9
2015-02-03,16.2
2015-02-04,16.0
2015-02-05,17.700000000000003
2015-02-06,18.25
2015-02-07,19.85
2015-02-08,23.7
2015-02-09,18.450000000000003
2015-02-10,22.2
2015-02-11,23.049999999999997
2015-02-12,21.75
2015-02-13,21.4
2015-02-14,19.4
2015-02-15,21.55
2015-02-16,22.15
2015-02-17,24.05
2015-02-18,21.35
2015-02-19,21.75
2015-02-20,21.5
2015-02-21,21.8
2015-02-22,21.5
2015-02-23,23.2
2015-02-24,20.700000000000003
2015-02-25,18.8
2015-02-26,20.75
2015-02-27,20.35
2015-02-28,23.05
2015-03-01,21.9
2015-03-03,20.8
2015-03-04,22.15
2015-03-05,18.25
2015-03-06,15.3
2015-03-07,16.0
2015-03-08,20.700000000000003
2015-03-09,19.2
2015-03-10,18.6
2015-03-11,22.45
2015-03-12,20.700000000000003
2015-03-13,17.45
2015-03-14,16.55
2015-03-15,18.35
2015-03-16,14.25
2015-03-17,16.35
2015-03-18,21.05
2015-03-19,20.1
2015-03-20,21.6
2015-03-21,14.85
2015-03-22,17.9
2015-03-23,19.3
2015-03-24,18.95
2015-03-25,14.100000000000001
2015-03-26,14.649999999999999
2015-03-27,13.850000000000001
2015-03-28,11.700000000000001
2015-03-29,13.3
2015-03-30,13.25
2015-03-31,16.65
2015-04-01,16.6
2015-04-02,18.6
2015-04-03,14.1
2015-04-04,14.200000000000001
2015-04-05,16.4
2015-04-06,12.3
2015-04-07,10.950000000000001
2015-04-08,10.3
2015-04-09,13.25
2015-04-10,13.700000000000001
2015-04-11,14.15
2015-04-12,14.5
2015-04-13,13.55
2015-04-14,13.45
2015-04-15,14.45
2015-04-16,17.0
2015-04-17,15.95
2015-04-18,16.95
2015-04-19,12.05
2015-04-20,10.75
2015-04-21,10.95
2015-04-22,14.299999999999999
2015-04-23,16.4
2015-04-24,15.0
2015-04-25,10.95
2015-04-26,11.049999999999999
2015-04-27,7.6
2015-04-28,9.6
2015-04-29,9.35
2015-04-30,10.9
2015-05-01,11.0
2015-05-02,13.5
2015-05-03,15.55
2015-05-04,13.65
2015-05-05,12.4
2015-05-06,9.95
2015-05-07,10.75
2015-05-08,10.05
2015-05-09,10.8
2015-05-10,11.399999999999999
2015-05-11,12.5
2015-05-12,11.7
2015-05-13,7.800000000000001
2015-05-14,4.699999999999999
2015-05-15,8.15
2015-05-16,8.75
2015-05-17,7.6499999999999995
2015-05-18,7.85
2015-05-19,9.1
2015-05-20,14.649999999999999
2015-05-21,8.55
2015-05-22,10.8
2015-05-23,6.3
2015-05-24,5.050000000000001
2015-05-25,6.3
2015-05-26,5.35
2015-05-27,8.25
2015-05-28,7.45
2015-05-29,12.100000000000001
2015-05-30,6.1
2015-05-31,7.0
2015-06-01,6.1000000000000005
2015-06-02,2.3499999999999996
2015-06-03,3.8
2015-06-04,2.25
2015-06-05,6.6
2015-06-06,5.0
2015-06-07,5.5
2015-06-08,7.75
2015-06-09,11.45
2015-06-10,5.550000000000001
2015-06-11,5.9
2015-06-12,6.5
2015-06-13,7.1000000000000005
2015-06-14,7.25
2015-06-15,7.8500000000000005
2015-06-16,10.5
2015-06-17,11.55
2015-06-18,7.449999999999999
2015-06-19,6.699999999999999
2015-06-20,4.5
2015-06-21,4.55
2015-06-22,4.25
2015-06-23,5.7
2015-06-24,9.6
2015-06-25,8.55
2015-06-26,6.7
2015-06-27,4.65
2015-06-28,6.699999999999999
2015-06-29,6.75
2015-06-30,4.8
2015-07-01,2.95
2015-07-02,5.0
2015-07-03,1.75
2015-07-04,1.9000000000000004
2015-07-05,1.2999999999999998
2015-07-06,4.3999999999999995
2015-07-07,3.4
2015-07-08,4.8
2015-07-09,6.25
2015-07-10,4.7
2015-07-11,8.05
2015-07-12,6.1499999999999995
2015-07-13,8.6
2015-07-14,7.05
2015-07-15,4.5
2015-07-16,5.15
2015-07-17,7.5
2015-07-18,4.05
2015-07-19,3.8500000000000005
2015-07-20,4.699999999999999
2015-07-21,4.8
2015-07-22,4.8999999999999995
2015-07-23,7.550000000000001
2015-07-24,6.05
2015-07-25,8.9
2015-07-26,9.0
2015-07-27,6.45
2015-07-28,4.45
2015-07-29,4.800000000000001
2015-07-30,4.9
2015-07-31,8.75
2015-08-01,8.7
2015-08-02,11.0
2015-08-03,7.449999999999999
2015-08-04,1.8000000000000003
2015-08-05,5.05
2015-08-06,6.05
2015-08-07,4.75
2015-08-08,5.2
2015-08-09,4.300000000000001
2015-08-10,8.55
2015-08-11,8.35
2015-08-12,2.0
2015-08-13,6.35
2015-08-14,6.300000000000001
2015-08-15,6.75
2015-08-16,7.9
2015-08-17,7.9
2015-08-18,4.1000000000000005
2015-08-19,4.6
2015-08-20,6.8999999999999995
2015-08-21,7.6
2015-08-22,11.85
2015-08-23,13.6
2015-08-24,9.5
2015-08-25,8.5
2015-08-26,11.05
2015-08-27,11.2
2015-08-28,10.399999999999999
2015-08-29,9.0
2015-08-30,5.8
2015-08-31,6.0
2015-09-01,5.55
2015-09-02,7.0
2015-09-03,8.65
2015-09-04,8.7
2015-09-05,8.399999999999999
2015-09-06,9.600000000000001
2015-09-07,8.75
2015-09-08,8.05
2015-09-09,6.700000000000001
2015-09-10,9.4
2015-09-11,9.45
2015-09-12,10.45
2015-09-13,11.35
2015-09-14,12.2
2015-09-15,11.85
2015-09-16,8.0
2015-09-17,7.9
2015-09-18,10.15
2015-09-19,9.45
2015-09-20,11.600000000000001
2015-09-21,11.35
2015-09-22,10.05
2015-09-23,7.949999999999999
2015-09-24,7.1000000000000005
2015-09-25,7.7
2015-09-26,8.850000000000001
2015-09-27,10.7
2015-09-28,11.799999999999999
2015-09-29,12.3
2015-09-30,11.5
2015-10-01,17.1
2015-10-02,12.899999999999999
2015-10-03,14.65
2015-10-04,17.5
2015-10-05,20.4
2015-10-06,19.3
2015-10-07,13.0
2015-10-08,14.25
2015-10-09,17.35
2015-10-10,16.65
2015-10-11,14.3
2015-10-12,16.35
2015-10-13,16.3
2015-10-14,18.55
2015-10-15,18.1
2015-10-16,19.15
2015-10-17,19.45
2015-10-18,16.55
2015-10-19,19.85
2015-10-20,19.45
2015-10-21,19.4
2015-10-22,15.7
2015-10-23,13.25
2015-10-24,14.950000000000001
2015-10-25,15.6
2015-10-26,17.3
2015-10-27,13.5
2015-10-28,15.25
2015-10-29,15.25
2015-10-30,15.0
2015-10-31,15.7
2015-11-01,17.1
2015-11-02,19.7
2015-11-03,17.55
2015-11-04,17.35
2015-11-05,17.9
2015-11-06,19.2
2015-11-07,16.4
2015-11-08,15.45
2015-11-09,18.75
2015-11-10,20.2
2015-11-11,15.95
2015-11-12,18.2
2015-11-13,17.950000000000003
2015-11-14,13.45
2015-11-15,15.9
2015-11-16,14.100000000000001
2015-11-17,16.75
2015-11-18,19.8
2015-11-19,22.7
2015-11-20,24.6
2015-11-21,20.85
2015-11-22,19.4
2015-11-23,17.05
2015-11-24,17.15
2015-11-25,17.75
2015-11-26,21.6
2015-11-27,11.7
2015-11-28,18.299999999999997
2015-11-29,21.65
2015-11-30,18.15
2015-12-01,22.7
2015-12-02,17.6
2015-12-03,16.7
2015-12-04,18.8
2015-12-05,20.05
2015-12-06,21.950000000000003
2015-12-07,22.25
2015-12-08,22.5
2015-12-09,23.9
2015-12-10,21.9
2015-12-11,19.1
2015-12-12,14.950000000000001
2015-12-13,17.5
2015-12-14,19.35
2015-12-15,21.35
2015-12-16,20.05
2015-12-17,20.3
2015-12-18,23.6
2015-12-19,25.849999999999998
2015-12-20,26.6
2015-12-21,23.6
2015-12-22,19.45
2015-12-23,19.5
2015-12-24,18.55
2015-12-25,18.95
2015-12-26,16.9
2015-12-27,17.5
2015-12-28,15.55
2015-12-29,19.7
2015-12-30,20.9
2015-12-31,22.7
2016-01-01,24.95
2016-01-02,22.25
2016-01-03,19.95
2016-01-04,17.15
2016-01-05,15.55
2016-01-06,17.2
2016-01-07,18.05
2016-01-08,18.75
2016-01-09,22.4
2016-01-10,24.75
2016-01-11,25.650000000000002
2016-01-12,28.299999999999997
2016-01-13,26.25
2016-01-14,27.9
2016-01-15,15.3
2016-01-16,14.3
2016-01-17,16.55
2016-01-18,21.6
2016-01-19,23.15
2016-01-20,25.5
2016-01-21,25.05
2016-01-22,23.2
2016-01-23,22.9
2016-01-24,22.75
2016-01-25,22.200000000000003
2016-01-26,20.75
2016-01-27,19.85
2016-01-28,22.2
2016-01-29,19.45
2016-01-30,19.5
2016-01-31,16.05
2016-02-01,17.05
2016-02-02,17.9
2016-02-03,20.7
2016-02-04,19.25
2016-02-05,17.2
2016-02-06,18.7
2016-02-07,19.45
2016-02-08,21.5
2016-02-09,21.65
2016-02-10,21.549999999999997
2016-02-11,22.25
2016-02-12,21.55
2016-02-13,23.349999999999998
2016-02-14,24.1
2016-02-15,21.9
2016-02-16,18.05
2016-02-17,17.450000000000003
2016-02-18,18.6
2016-02-19,22.75
2016-02-20,22.5
2016-02-21,22.75
2016-02-22,23.05
2016-02-23,24.85
2016-02-24,25.299999999999997
2016-02-25,26.5
2016-02-26,24.0
2016-02-27,20.0
2016-02-28,21.85
2016-02-29,21.65
2016-03-01,22.8
2016-03-02,23.95
2016-03-03,23.900000000000002
2016-03-04,23.4
2016-03-05,24.9
2016-03-06,23.65
2016-03-07,24.099999999999998
2016-03-08,23.6
2016-03-09,22.5
2016-03-10,23.75
2016-03-11,21.4
2016-03-12,23.15
2016-03-13,23.55
2016-03-14,24.55
2016-03-15,19.95
2016-03-16,20.05
2016-03-17,21.0
2016-03-18,16.8
2016-03-19,13.15
2016-03-20,14.25
2016-03-21,14.7
2016-03-22,14.45
2016-03-23,15.4
2016-03-24,16.05
2016-03-25,18.85
2016-03-26,18.7
2016-03-27,18.95
2016-03-28,19.25
2016-03-29,18.7
2016-03-30,18.7
2016-03-31,15.65
2016-04-01,15.85
2016-04-02,19.0
2016-04-03,18.6
2016-04-04,19.5
2016-04-05,20.05
2016-04-06,23.55
2016-04-07,15.7
2016-04-08,13.85
2016-04-09,13.95
2016-04-10,14.25
2016-04-11,13.5
2016-04-12,17.75
2016-04-13,17.05
2016-04-14,17.1
2016-04-15,16.65
2016-04-16,16.6
2016-04-17,14.7
2016-04-18,13.0
2016-04-19,14.15
2016-04-20,16.1
2016-04-21,17.15
2016-04-22,15.75
2016-04-23,14.9
2016-04-24,13.4
2016-04-25,13.299999999999999
2016-04-26,12.85
2016-04-27,12.9
2016-04-28,14.899999999999999
2016-04-29,17.15
2016-04-30,18.85
2016-05-01,15.5
2016-05-02,10.350000000000001
2016-05-03,12.7
2016-05-04,14.7
2016-05-05,9.85
2016-05-06,11.9
2016-05-07,12.649999999999999
2016-05-08,12.850000000000001
2016-05-09,14.600000000000001
2016-05-10,14.75
2016-05-11,10.45
2016-05-12,12.450000000000001
2016-05-13,15.75
2016-05-14,10.2
2016-05-15,13.25
2016-05-16,10.8
2016-05-17,14.65
2016-05-18,7.6499999999999995
2016-05-19,9.15
2016-05-20,15.1
2016-05-21,10.55
2016-05-22,11.399999999999999
2016-05-23,11.8
2016-05-24,10.35
2016-05-25,7.0
2016-05-26,9.15
2016-05-27,9.5
2016-05-28,6.55
2016-05-29,4.3
2016-05-30,6.6
2016-05-31,6.8
2016-06-01,10.0
2016-06-02,9.850000000000001
2016-06-03,8.85
2016-06-04,11.6
2016-06-05,13.600000000000001
2016-06-06,11.55
2016-06-07,9.2
2016-06-08,9.899999999999999
2016-06-09,12.55
2016-06-10,10.55
2016-06-11,10.149999999999999
2016-06-12,4.05
2016-06-13,5.0
2016-06-14,5.85
2016-06-15,4.6
2016-06-16,5.65
2016-06-17,7.45
2016-06-18,11.4
2016-06-19,11.05
2016-06-20,11.05
2016-06-21,10.0
2016-06-22,9.8
2016-06-23,9.65
2016-06-24,6.85
2016-06-25,3.7499999999999996
2016-06-26,1.4500000000000002
2016-06-27,5.0
2016-06-28,3.65
2016-06-29,4.25
2016-06-30,2.0999999999999996
2016-07-01,5.6
2016-07-02,4.75
2016-07-03,3.85
2016-07-04,3.0
2016-07-05,4.15
2016-07-06,7.8500000000000005
2016-07-07,10.4
2016-07-08,8.0
2016-07-09,8.35
2016-07-10,7.8500000000000005
2016-07-11,10.6
2016-07-12,8.95
2016-07-13,3.8499999999999996
2016-07-14,5.8999999999999995
2016-07-15,5.0
2016-07-16,6.550000000000001
2016-07-17,8.65
2016-07-18,7.9
2016-07-19,12.75
2016-07-20,12.75
2016-07-21,11.7
2016-07-22,13.25
2016-07-23,7.550000000000001
2016-07-24,3.1
2016-07-25,7.050000000000001
2016-07-26,7.35
2016-07-27,8.2
2016-07-28,7.0
2016-07-29,4.7
2016-07-30,5.45
2016-07-31,9.1
2016-08-01,9.9
2016-08-02,7.9
2016-08-03,7.25
2016-08-04,6.6000000000000005
2016-08-05,7.25
2016-08-06,5.55
2016-08-07,6.55
2016-08-08,5.8
2016-08-09,7.25
2016-08-10,10.399999999999999
2016-08-11,8.75
2016-08-12,3.0999999999999996
2016-08-13,8.5
2016-08-14,7.300000000000001
2016-08-15,6.6
2016-08-16,7.949999999999999
2016-08-17,8.3
2016-08-18,8.299999999999999
2016-08-19,9.2
2016-08-20,7.25
2016-08-21,8.35
2016-08-22,7.1
2016-08-23,8.899999999999999
2016-08-24,8.149999999999999
2016-08-25,6.6499999999999995
2016-08-26,5.6499999999999995
2016-08-27,4.949999999999999
2016-08-28,7.75
2016-08-29,7.699999999999999
2016-08-30,11.299999999999999
2016-08-31,12.5
2016-09-01,10.5
2016-09-02,8.05
2016-09-03,11.85
2016-09-04,9.4
2016-09-05,9.649999999999999
2016-09-06,10.0
2016-09-07,10.9
2016-09-08,13.45
2016-09-09,11.299999999999999
2016-09-10,11.9
2016-09-11,9.25
2016-09-12,8.950000000000001
2016-09-13,11.6
2016-09-14,14.2
2016-09-15,9.45
2016-09-16,11.25
2016-09-17,8.7
2016-09-18,8.75
2016-09-19,10.5
2016-09-20,8.15
2016-09-21,9.2
2016-09-22,10.9
2016-09-23,11.85
2016-09-24,10.95
2016-09-25,14.25
2016-09-26,8.9
2016-09-27,8.8
2016-09-28,7.8999999999999995
2016-09-29,9.8
2016-09-30,8.5
2016-10-01,10.3
2016-10-02,12.35
2016-10-03,10.8
2016-10-04,10.25
2016-10-05,9.1
2016-10-06,14.5
2016-10-07,15.25
2016-10-08,13.7
2016-10-09,9.399999999999999
2016-10-10,12.4
2016-10-11,9.7
2016-10-12,7.55
2016-10-13,8.95
2016-10-14,9.299999999999999
2016-10-15,10.5
2016-10-16,16.3
2016-10-17,12.9
2016-10-18,11.35
2016-10-19,10.3
2016-10-20,10.45
2016-10-21,11.5
2016-10-22,12.100000000000001
2016-10-23,8.549999999999999
2016-10-24,8.6
2016-10-25,10.95
2016-10-26,16.25
2016-10-27,15.1
2016-10-28,13.75
2016-10-29,17.5
2016-10-30,16.299999999999997
2016-10-31,11.05
2016-11-01,8.4
2016-11-02,12.55
2016-11-03,12.75
2016-11-04,14.05
2016-11-05,14.600000000000001
2016-11-06,13.25
2016-11-07,15.9
2016-11-08,18.25
2016-11-09,18.25
2016-11-10,17.3
2016-11-11,17.3
2016-11-12,20.55
2016-11-13,14.350000000000001
2016-11-14,13.850000000000001
2016-11-15,12.3
2016-11-16,15.25
2016-11-17,18.25
2016-11-18,19.55
2016-11-19,21.4
2016-11-20,22.25
2016-11-21,22.3
2016-11-22,21.55
2016-11-23,16.9
2016-11-24,11.85
2016-11-25,14.5
2016-11-26,16.3
2016-11-27,17.85
2016-11-28,21.2
2016-11-29,17.95
2016-11-30,20.25
2016-12-01,20.45
2016-12-02,19.4
2016-12-03,21.299999999999997
2016-12-04,21.7
2016-12-05,24.549999999999997
2016-12-06,20.0
2016-12-07,17.9
2016-12-08,20.7
2016-12-09,16.3
2016-12-10,16.25
2016-12-11,20.4
2016-12-12,23.25
2016-12-13,22.25
2016-12-14,25.1
2016-12-15,13.8
2016-12-16,16.200000000000003
2016-12-17,20.7
2016-12-18,18.15
2016-12-19,18.8
2016-12-20,20.25
2016-12-21,18.8
2016-12-22,20.6
2016-12-23,23.2
2016-12-24,23.3
2016-12-25,21.1
2016-12-26,22.75
2016-12-27,25.15
2016-12-28,24.1
2016-12-29,25.85
2016-12-30,26.549999999999997
2016-12-31,25.2
2017-01-01,20.2
2017-01-02,22.799999999999997
2017-01-03,20.1
2017-01-04,18.05
2017-01-05,20.549999999999997
2017-01-06,22.55
2017-01-07,22.1
2017-01-08,23.55
2017-01-09,27.5
2017-01-10,25.75
2017-01-11,26.05
2017-01-12,24.0
2017-01-13,28.4
2017-01-14,24.6
2017-01-15,21.35
2017-01-16,26.05
2017-01-17,25.6
2017-01-18,27.05
2017-01-19,19.0
2017-01-20,22.05
2017-01-21,19.85
2017-01-22,23.65
2017-01-23,25.4
2017-01-24,27.65
2017-01-25,21.65
2017-01-26,24.0
2017-01-27,23.55
2017-01-28,24.9
2017-01-29,25.4
2017-01-30,27.3
2017-01-31,28.8
2017-02-01,19.9
2017-02-02,20.95
2017-02-03,21.95
2017-02-04,23.5
2017-02-05,25.4
2017-02-06,27.2
2017-02-07,20.75
2017-02-08,21.05
2017-02-09,26.75
2017-02-10,29.7
2017-02-11,30.450000000000003
2017-02-12,25.75
2017-02-13,16.349999999999998
2017-02-14,20.45
2017-02-15,19.8
2017-02-16,22.4
2017-02-17,23.15
2017-02-18,19.75
2017-02-19,14.55
2017-02-20,14.5
2017-02-21,14.9
2017-02-22,21.15
2017-02-23,23.45
2017-02-24,24.25
2017-02-25,18.5
2017-02-26,17.65
2017-02-27,18.25
2017-02-28,19.1
2017-03-01,20.4
2017-03-02,20.5
2017-03-03,21.4
2017-03-04,21.15
2017-03-05,20.25
2017-03-06,18.35
2017-03-07,17.799999999999997
2017-03-08,15.2
2017-03-09,17.4
2017-03-10,17.7
2017-03-11,19.6
2017-03-12,21.6
2017-03-13,20.95
2017-03-14,18.5
2017-03-15,21.2
2017-03-16,22.549999999999997
2017-03-17,19.5
2017-03-18,18.5
2017-03-19,20.95
2017-03-20,22.6
2017-03-21,20.95
2017-03-22,21.6
2017-03-23,16.25
2017-03-24,18.0
2017-03-25,16.2
2017-03-26,19.2
2017-03-27,21.35
2017-03-28,21.6
2017-03-29,17.95
2017-03-30,16.75
2017-03-31,13.7
2017-04-01,13.95
2017-04-02,14.75
2017-04-03,11.45
2017-04-04,12.2
2017-04-05,11.45
2017-04-06,12.7
2017-04-07,12.35
2017-04-08,13.75
2017-04-09,12.75
2017-04-10,10.4
2017-04-11,12.899999999999999
2017-04-12,13.05
2017-04-13,12.2
2017-04-14,12.3
2017-04-15,12.75
2017-04-16,11.0
2017-04-17,14.4
2017-04-18,17.3
2017-04-19,15.35
2017-04-20,14.649999999999999
2017-04-21,13.649999999999999
2017-04-22,16.35
2017-04-23,13.65
2017-04-24,15.299999999999999
2017-04-25,13.899999999999999
2017-04-26,12.25
2017-04-27,8.3
2017-04-28,7.35
2017-04-29,7.8500000000000005
2017-04-30,11.0
2017-05-01,10.7
2017-05-02,10.6
2017-05-03,8.65
2017-05-04,8.75
2017-05-05,10.700000000000001
2017-05-06,9.55
2017-05-07,9.7
2017-05-08,5.3999999999999995
2017-05-09,8.35
2017-05-10,8.25
2017-05-11,8.55
2017-05-12,7.8
2017-05-13,11.149999999999999
2017-05-14,11.45
2017-05-15,10.200000000000001
2017-05-16,8.55
2017-05-17,7.9
2017-05-18,11.850000000000001
2017-05-19,12.850000000000001
2017-05-20,13.3
2017-05-21,8.95
2017-05-22,9.15
2017-05-23,9.350000000000001
2017-05-24,10.7
2017-05-25,6.65
2017-05-26,8.2
2017-05-27,8.35
2017-05-28,7.15
2017-05-29,7.5
2017-05-30,4.05
2017-05-31,5.15
2017-06-01,4.4
2017-06-02,3.9000000000000004
2017-06-03,5.6
2017-06-04,5.300000000000001
2017-06-05,4.449999999999999
2017-06-06,4.800000000000001
2017-06-07,9.1
2017-06-08,11.45
2017-06-09,9.5
2017-06-10,9.6
2017-06-11,7.95
2017-06-12,6.75
2017-06-13,6.35
2017-06-14,6.1000000000000005
2017-06-15,3.5500000000000003
2017-06-16,4.75
2017-06-17,7.95
2017-06-18,7.9
2017-06-19,6.05
2017-06-20,5.2
2017-06-21,6.1499999999999995
2017-06-22,6.75
2017-06-23,5.2
2017-06-24,7.25
2017-06-25,5.1
